filename,width,height,class,xmin,ymin,xmax,ymax
A.00dea95c-d8d0-11ec-ba9a-f859718a6f1e.jpg,640,480,A,132,144,342,378
A.0216d08e-d8d0-11ec-acb6-f859718a6f1e.jpg,640,480,A,4,159,217,395
A.0350278e-d8d0-11ec-a78f-f859718a6f1e.jpg,640,480,A,107,193,300,416
A.04882c8a-d8d0-11ec-8e78-f859718a6f1e.jpg,640,480,A,84,213,296,445
A.05c0d774-d8d0-11ec-b326-f859718a6f1e.jpg,640,480,A,83,243,292,480
A.06fb9327-d8d0-11ec-a941-f859718a6f1e.jpg,640,480,A,69,280,284,480
A.0836379f-d8d0-11ec-80a6-f859718a6f1e.jpg,640,480,A,110,236,329,467
A.096f4364-d8d0-11ec-831c-f859718a6f1e.jpg,640,480,A,11,272,221,477
A.0aa79c58-d8d0-11ec-9f29-f859718a6f1e.jpg,640,480,A,7,292,164,480
A.0be08528-d8d0-11ec-812b-f859718a6f1e.jpg,640,480,A,86,280,269,480
A.0d1b2f77-d8d0-11ec-a862-f859718a6f1e.jpg,640,480,A,5,244,186,480
A.0e55d2ac-d8d0-11ec-9a25-f859718a6f1e.jpg,640,480,A,2,238,136,472
A.0f8ef8e3-d8d0-11ec-9ca4-f859718a6f1e.jpg,640,480,A,32,207,216,429
A.10c91e04-d8d0-11ec-a929-f859718a6f1e.jpg,640,480,A,139,250,299,445
A.12042292-d8d0-11ec-ab91-f859718a6f1e.jpg,640,480,A,167,221,327,401
A.133ea28b-d8d0-11ec-a9a8-f859718a6f1e.jpg,640,480,A,176,237,318,419
A.1477dc0d-d8d0-11ec-96ec-f859718a6f1e.jpg,640,480,A,175,237,318,423
A.f97e7ca8-d8cf-11ec-b3dc-f859718a6f1e.jpg,640,480,A,4,85,245,343
A.fab74640-d8cf-11ec-8f9f-f859718a6f1e.jpg,640,480,A,39,110,275,355
B.197eb2c8-d8d0-11ec-a7b9-f859718a6f1e.jpg,640,480,B,109,266,361,480
B.1ab5e90c-d8d0-11ec-9f44-f859718a6f1e.jpg,640,480,B,135,294,358,480
B.1bed1812-d8d0-11ec-b8a4-f859718a6f1e.jpg,640,480,B,115,254,412,425
B.1d32c2b3-d8d0-11ec-84ce-f859718a6f1e.jpg,640,480,B,104,217,396,393
B.1e6acee6-d8d0-11ec-abe6-f859718a6f1e.jpg,640,480,B,58,183,340,386
B.1fa39d47-d8d0-11ec-81ea-f859718a6f1e.jpg,640,480,B,80,220,361,414
B.20dc6a79-d8d0-11ec-a0ff-f859718a6f1e.jpg,640,480,B,117,305,413,475
B.2351c60f-d8d0-11ec-ac53-f859718a6f1e.jpg,640,480,B,76,163,360,367
B.248beaa9-d8d0-11ec-a05e-f859718a6f1e.jpg,640,480,B,77,170,354,386
B.25c6a5c2-d8d0-11ec-9bea-f859718a6f1e.jpg,640,480,B,53,222,375,404
B.26ffa03c-d8d0-11ec-a5b1-f859718a6f1e.jpg,640,480,B,50,196,377,382
B.28378a9a-d8d0-11ec-ab2f-f859718a6f1e.jpg,640,480,B,107,186,418,378
B.2971a4de-d8d0-11ec-b7f0-f859718a6f1e.jpg,640,480,B,139,192,477,400
B.2aadf26e-d8d0-11ec-a9b5-f859718a6f1e.jpg,640,480,B,152,214,504,390
B.2be4757c-d8d0-11ec-a33b-f859718a6f1e.jpg,640,480,B,169,227,487,407
B.2d1d55f5-d8d0-11ec-b2d5-f859718a6f1e.jpg,640,480,B,77,226,363,387
B.2e55a1b8-d8d0-11ec-a920-f859718a6f1e.jpg,640,480,B,129,267,405,421
B.2f9190a6-d8d0-11ec-ab00-f859718a6f1e.jpg,640,480,B,150,289,408,427
B.30c923ce-d8d0-11ec-84c3-f859718a6f1e.jpg,640,480,B,120,275,371,415
B.35b51ad9-d8d0-11ec-80e6-f859718a6f1e.jpg,640,480,B,212,202,504,444
B.36efce56-d8d0-11ec-9eab-f859718a6f1e.jpg,640,480,B,270,197,537,459
C.3bc6e165-d8d0-11ec-bd29-f859718a6f1e.jpg,640,480,C,227,171,442,431
C.3cff4451-d8d0-11ec-885d-f859718a6f1e.jpg,640,480,C,265,134,499,405
C.3e360b78-d8d0-11ec-98b5-f859718a6f1e.jpg,640,480,C,226,91,424,311
C.3f70e80d-d8d0-11ec-8b11-f859718a6f1e.jpg,640,480,C,226,56,418,290
C.40a9aee5-d8d0-11ec-a345-f859718a6f1e.jpg,640,480,C,256,42,430,243
C.41e42239-d8d0-11ec-9f07-f859718a6f1e.jpg,640,480,C,265,38,443,239
C.431dd8f5-d8d0-11ec-af06-f859718a6f1e.jpg,640,480,C,331,91,499,294
C.44561da4-d8d0-11ec-ade9-f859718a6f1e.jpg,640,480,C,459,95,634,331
C.46cb1885-d8d0-11ec-8d45-f859718a6f1e.jpg,640,480,C,128,80,320,290
C.493fb4e3-d8d0-11ec-af7e-f859718a6f1e.jpg,640,480,C,156,79,354,299
C.4a79d5fa-d8d0-11ec-ab9d-f859718a6f1e.jpg,640,480,C,177,81,355,290
C.4bb403a0-d8d0-11ec-8853-f859718a6f1e.jpg,640,480,C,49,97,244,315
C.4ced1cde-d8d0-11ec-b711-f859718a6f1e.jpg,640,480,C,58,77,270,314
C.4e25d07d-d8d0-11ec-bdda-f859718a6f1e.jpg,640,480,C,61,70,274,299
C.4f5e9a91-d8d0-11ec-9c60-f859718a6f1e.jpg,640,480,C,97,118,304,342
C.50a2dda1-d8d0-11ec-9d6c-f859718a6f1e.jpg,640,480,C,150,112,341,323
C.51e05527-d8d0-11ec-9d6e-f859718a6f1e.jpg,640,480,C,52,116,264,341
C.531b58ab-d8d0-11ec-8559-f859718a6f1e.jpg,640,480,C,67,125,272,352
C.558cb6be-d8d0-11ec-b244-f859718a6f1e.jpg,640,480,C,260,156,464,375
C.56c68d78-d8d0-11ec-af20-f859718a6f1e.jpg,640,480,C,247,178,437,378
C.57fe092e-d8d0-11ec-b31d-f859718a6f1e.jpg,640,480,C,293,164,466,356
D.5e18ba0b-d8d0-11ec-954f-f859718a6f1e.jpg,640,480,D,304,18,489,225
D.5f52f0b7-d8d0-11ec-8d37-f859718a6f1e.jpg,640,480,D,310,32,507,224
D.61c33eab-d8d0-11ec-9df8-f859718a6f1e.jpg,640,480,D,231,209,441,405
D.62fb9bdc-d8d0-11ec-9bf8-f859718a6f1e.jpg,640,480,D,272,207,468,383
D.6436b925-d8d0-11ec-8f68-f859718a6f1e.jpg,640,480,D,244,149,424,336
D.656f2a79-d8d0-11ec-abde-f859718a6f1e.jpg,640,480,D,222,110,431,307
D.66a72fba-d8d0-11ec-adc6-f859718a6f1e.jpg,640,480,D,242,103,438,285
D.67e1ad0d-d8d0-11ec-94a9-f859718a6f1e.jpg,640,480,D,248,100,442,289
D.691bff25-d8d0-11ec-88ab-f859718a6f1e.jpg,640,480,D,334,80,555,305
D.6a55e04e-d8d0-11ec-8cdf-f859718a6f1e.jpg,640,480,D,317,89,568,330
D.6b9290f4-d8d0-11ec-bcf8-f859718a6f1e.jpg,640,480,D,350,89,595,339
D.6cce736b-d8d0-11ec-ac0f-f859718a6f1e.jpg,640,480,D,204,202,456,415
D.6e074205-d8d0-11ec-b539-f859718a6f1e.jpg,640,480,D,213,218,465,432
D.6f41c30b-d8d0-11ec-936f-f859718a6f1e.jpg,640,480,D,220,147,422,345
D.707c7aad-d8d0-11ec-b0a2-f859718a6f1e.jpg,640,480,D,194,167,404,365
D.71b4e5af-d8d0-11ec-a315-f859718a6f1e.jpg,640,480,D,212,162,415,362
D.72ed01b6-d8d0-11ec-bba6-f859718a6f1e.jpg,640,480,D,210,182,379,386
D.755ec06f-d8d0-11ec-8c59-f859718a6f1e.jpg,640,480,D,303,113,502,334
D.77cf8b96-d8d0-11ec-b679-f859718a6f1e.jpg,640,480,D,396,61,618,319
D.7a3de9cf-d8d0-11ec-adc1-f859718a6f1e.jpg,640,480,D,256,169,443,356
D.7b76c1dc-d8d0-11ec-a0f6-f859718a6f1e.jpg,640,480,D,252,156,457,338
E.8068ddcd-d8d0-11ec-a546-f859718a6f1e.jpg,640,480,E,183,240,421,410
E.819febdc-d8d0-11ec-b55f-f859718a6f1e.jpg,640,480,E,173,245,421,429
E.82dbb328-d8d0-11ec-9f0b-f859718a6f1e.jpg,640,480,E,107,186,348,368
E.8412e123-d8d0-11ec-af53-f859718a6f1e.jpg,640,480,E,96,204,325,378
E.854d7cca-d8d0-11ec-845e-f859718a6f1e.jpg,640,480,E,31,143,264,314
E.87be6764-d8d0-11ec-b9a2-f859718a6f1e.jpg,640,480,E,211,132,413,315
E.88f75f07-d8d0-11ec-b2ac-f859718a6f1e.jpg,640,480,E,138,178,364,364
E.8a2f91fc-d8d0-11ec-af4b-f859718a6f1e.jpg,640,480,E,126,183,353,397
E.8b67ee9d-d8d0-11ec-911d-f859718a6f1e.jpg,640,480,E,148,205,350,423
E.8ca0b334-d8d0-11ec-9d13-f859718a6f1e.jpg,640,480,E,2,156,252,402
E.8dd9d15f-d8d0-11ec-bb59-f859718a6f1e.jpg,640,480,E,1,159,250,437
E.8f124fac-d8d0-11ec-9366-f859718a6f1e.jpg,640,480,E,172,220,366,441
E.92c01395-d8d0-11ec-9ea8-f859718a6f1e.jpg,640,480,E,148,123,332,370
E.93fba640-d8d0-11ec-a186-f859718a6f1e.jpg,640,480,E,155,114,381,372
E.97ac05ce-d8d0-11ec-bf7e-f859718a6f1e.jpg,640,480,E,38,275,294,480
E.98e55419-d8d0-11ec-9b8a-f859718a6f1e.jpg,640,480,E,10,226,285,476
E.9a1f312f-d8d0-11ec-a5a4-f859718a6f1e.jpg,640,480,E,28,136,271,385
E.9b597b90-d8d0-11ec-8400-f859718a6f1e.jpg,640,480,E,24,123,267,361
E.9c95237e-d8d0-11ec-ab63-f859718a6f1e.jpg,640,480,E,16,145,258,389
E.9dd9cda7-d8d0-11ec-84fd-f859718a6f1e.jpg,640,480,E,21,162,269,401
F.0076747c-d8d7-11ec-beb1-f859718a6f1e.jpg,640,480,F,301,76,450,439
F.01ac6878-d8d7-11ec-af60-f859718a6f1e.jpg,640,480,F,270,78,473,434
F.02e1a104-d8d7-11ec-8d63-f859718a6f1e.jpg,640,480,F,278,72,450,437
F.041a34a3-d8d7-11ec-a71a-f859718a6f1e.jpg,640,480,F,280,93,430,456
F.054f5db9-d8d7-11ec-bead-f859718a6f1e.jpg,640,480,F,278,105,429,462
F.0684cdd1-d8d7-11ec-9600-f859718a6f1e.jpg,640,480,F,277,112,434,470
F.07bbe479-d8d7-11ec-b087-f859718a6f1e.jpg,640,480,F,269,126,418,475
F.08f36639-d8d7-11ec-8266-f859718a6f1e.jpg,640,480,F,253,86,372,392
F.0a29d52d-d8d7-11ec-b8dd-f859718a6f1e.jpg,640,480,F,213,112,396,381
F.ac84da70-d8d0-11ec-b5e4-f859718a6f1e.jpg,640,480,F,185,111,355,475
F.adbddecb-d8d0-11ec-aad9-f859718a6f1e.jpg,640,480,F,192,136,357,478
F.aef88e6c-d8d0-11ec-a94c-f859718a6f1e.jpg,640,480,F,250,113,396,473
F.b032e197-d8d0-11ec-a7ff-f859718a6f1e.jpg,640,480,F,256,75,396,429
F.b16beb78-d8d0-11ec-97cb-f859718a6f1e.jpg,640,480,F,242,59,387,437
F.b2a46548-d8d0-11ec-a1b6-f859718a6f1e.jpg,640,480,F,275,45,413,419
F.b3dcca48-d8d0-11ec-8881-f859718a6f1e.jpg,640,480,F,277,94,431,451
F.b515a776-d8d0-11ec-bf70-f859718a6f1e.jpg,640,480,F,275,105,431,471
F.ee213b8c-d8d6-11ec-8d4c-f859718a6f1e.jpg,640,480,F,180,153,382,429
F.ef587555-d8d6-11ec-89b4-f859718a6f1e.jpg,640,480,F,201,81,348,375
F.f08e11e9-d8d6-11ec-ba7a-f859718a6f1e.jpg,640,480,F,226,40,342,343
F.f1c6a825-d8d6-11ec-a8d7-f859718a6f1e.jpg,640,480,F,204,54,336,382
F.f30e9318-d8d6-11ec-9fdf-f859718a6f1e.jpg,640,480,F,240,94,358,405
F.f579edb7-d8d6-11ec-906f-f859718a6f1e.jpg,640,480,F,229,196,339,476
F.f6aee55e-d8d6-11ec-b33a-f859718a6f1e.jpg,640,480,F,246,107,353,415
F.f7e609bb-d8d6-11ec-bfac-f859718a6f1e.jpg,640,480,F,248,76,359,382
F.f91cd96f-d8d6-11ec-84d5-f859718a6f1e.jpg,640,480,F,277,59,400,354
F.fa53e5c6-d8d6-11ec-b36b-f859718a6f1e.jpg,640,480,F,278,65,399,370
G.c50209e5-d8d0-11ec-9e42-f859718a6f1e.jpg,640,480,G,261,221,453,406
G.c6378672-d8d0-11ec-b904-f859718a6f1e.jpg,640,480,G,265,225,448,418
G.c76d4041-d8d0-11ec-9730-f859718a6f1e.jpg,640,480,G,283,164,475,343
G.c8a5d8b3-d8d0-11ec-8672-f859718a6f1e.jpg,640,480,G,252,159,460,329
G.c9d9f96b-d8d0-11ec-b11d-f859718a6f1e.jpg,640,480,G,264,158,473,323
G.cb154bfb-d8d0-11ec-9241-f859718a6f1e.jpg,640,480,G,285,148,472,316
G.cc4e198c-d8d0-11ec-aa34-f859718a6f1e.jpg,640,480,G,344,105,547,288
G.cd88d171-d8d0-11ec-a75f-f859718a6f1e.jpg,640,480,G,339,108,549,291
G.cec251a9-d8d0-11ec-82d7-f859718a6f1e.jpg,640,480,G,286,162,472,332
G.cffc5ec8-d8d0-11ec-9539-f859718a6f1e.jpg,640,480,G,250,137,433,291
G.d137394d-d8d0-11ec-8f7a-f859718a6f1e.jpg,640,480,G,238,126,426,290
G.d270e4e2-d8d0-11ec-83c4-f859718a6f1e.jpg,640,480,G,211,113,399,270
G.d3aab0a1-d8d0-11ec-8b56-f859718a6f1e.jpg,640,480,G,211,110,408,272
G.d4e297b0-d8d0-11ec-b9f0-f859718a6f1e.jpg,640,480,G,202,109,399,275
G.d61b773a-d8d0-11ec-9742-f859718a6f1e.jpg,640,480,G,252,96,439,248
G.d7567999-d8d0-11ec-b0fc-f859718a6f1e.jpg,640,480,G,316,142,500,297
G.d88e92fb-d8d0-11ec-a3a5-f859718a6f1e.jpg,640,480,G,319,164,500,322
G.d9c70822-d8d0-11ec-b794-f859718a6f1e.jpg,640,480,G,316,169,491,324
G.db027f36-d8d0-11ec-8601-f859718a6f1e.jpg,640,480,G,281,157,481,330
G.dc3d36b6-d8d0-11ec-99b6-f859718a6f1e.jpg,640,480,G,282,166,483,332
G.dd75023a-d8d0-11ec-935b-f859718a6f1e.jpg,640,480,G,289,167,483,334
H.01005b78-d8d1-11ec-9f93-f859718a6f1e.jpg,640,480,H,195,237,378,478
H.0239de74-d8d1-11ec-a5bd-f859718a6f1e.jpg,640,480,H,226,183,429,425
H.03763d6e-d8d1-11ec-aebb-f859718a6f1e.jpg,640,480,H,249,214,439,462
H.04b144d0-d8d1-11ec-8faf-f859718a6f1e.jpg,640,480,H,260,249,456,480
H.e9bc8732-d8d0-11ec-9439-f859718a6f1e.jpg,640,480,H,111,226,315,467
H.eaf54d19-d8d0-11ec-84b3-f859718a6f1e.jpg,640,480,H,126,199,334,435
H.ec2c37bb-d8d0-11ec-a7b7-f859718a6f1e.jpg,640,480,H,136,242,334,472
H.ed65798e-d8d0-11ec-8f0d-f859718a6f1e.jpg,640,480,H,139,295,339,480
H.ee9d429d-d8d0-11ec-80b5-f859718a6f1e.jpg,640,480,H,129,308,329,480
H.efd76e98-d8d0-11ec-8333-f859718a6f1e.jpg,640,480,H,127,286,336,480
H.f1110787-d8d0-11ec-869b-f859718a6f1e.jpg,640,480,H,158,156,350,379
H.f24bc69f-d8d0-11ec-a3e3-f859718a6f1e.jpg,640,480,H,148,85,341,299
H.f3849047-d8d0-11ec-be5a-f859718a6f1e.jpg,640,480,H,150,102,348,334
H.f4be017c-d8d0-11ec-98a4-f859718a6f1e.jpg,640,480,H,163,119,348,353
H.f5f8cb55-d8d0-11ec-a4b8-f859718a6f1e.jpg,640,480,H,177,139,366,358
H.f7328e94-d8d0-11ec-a332-f859718a6f1e.jpg,640,480,H,182,170,375,380
H.f86db7cc-d8d0-11ec-950e-f859718a6f1e.jpg,640,480,H,181,178,375,391
H.f9a673ff-d8d0-11ec-89f0-f859718a6f1e.jpg,640,480,H,190,172,374,397
H.fadf1c38-d8d0-11ec-9382-f859718a6f1e.jpg,640,480,H,226,251,418,479
I.09a0e923-d8d1-11ec-bb0b-f859718a6f1e.jpg,640,480,I,269,233,336,414
I.0ada8d19-d8d1-11ec-b24d-f859718a6f1e.jpg,640,480,I,257,199,334,389
I.0c126369-d8d1-11ec-9001-f859718a6f1e.jpg,640,480,I,286,199,349,364
I.0d4ccbbc-d8d1-11ec-b060-f859718a6f1e.jpg,640,480,I,277,213,344,372
I.0e884f7b-d8d1-11ec-9e96-f859718a6f1e.jpg,640,480,I,318,189,391,358
I.0fc03c87-d8d1-11ec-ab56-f859718a6f1e.jpg,640,480,I,299,196,380,363
I.10f99605-d8d1-11ec-ae5c-f859718a6f1e.jpg,640,480,I,320,183,386,353
I.136c87ac-d8d1-11ec-9fed-f859718a6f1e.jpg,640,480,I,316,172,404,367
I.14a2c8c1-d8d1-11ec-93ed-f859718a6f1e.jpg,640,480,I,329,182,419,345
I.15dc7ccc-d8d1-11ec-8e30-f859718a6f1e.jpg,640,480,I,267,234,356,416
I.1715f0b2-d8d1-11ec-895e-f859718a6f1e.jpg,640,480,I,307,251,392,404
I.1989e094-d8d1-11ec-9e3c-f859718a6f1e.jpg,640,480,I,310,77,377,261
I.1ac5c600-d8d1-11ec-b5ee-f859718a6f1e.jpg,640,480,I,323,150,411,290
I.1bff73cc-d8d1-11ec-8169-f859718a6f1e.jpg,640,480,I,361,152,442,321
I.1d3a4cc1-d8d1-11ec-9878-f859718a6f1e.jpg,640,480,I,234,210,330,369
I.1e71c471-d8d1-11ec-b118-f859718a6f1e.jpg,640,480,I,247,231,306,373
I.1fab7a34-d8d1-11ec-98f5-f859718a6f1e.jpg,640,480,I,235,175,302,347
I.20e648e0-d8d1-11ec-a2d0-f859718a6f1e.jpg,640,480,I,248,176,318,334
I.2359f6da-d8d1-11ec-b12e-f859718a6f1e.jpg,640,480,I,356,199,431,366
I.25ccd0c7-d8d1-11ec-9a20-f859718a6f1e.jpg,640,480,I,224,207,312,428
I.2706ef23-d8d1-11ec-9ae4-f859718a6f1e.jpg,640,480,I,276,240,348,421
J.2c07b356-d8d1-11ec-9104-f859718a6f1e.jpg,640,480,J,205,144,429,358
J.2d3df2d4-d8d1-11ec-93f1-f859718a6f1e.jpg,640,480,J,223,156,431,360
J.2e73d0f2-d8d1-11ec-b921-f859718a6f1e.jpg,640,480,J,202,149,424,362
J.2fac8fa0-d8d1-11ec-ad8f-f859718a6f1e.jpg,640,480,J,223,156,429,355
J.30e43a6f-d8d1-11ec-a6a4-f859718a6f1e.jpg,640,480,J,185,159,415,383
J.321df62b-d8d1-11ec-bba0-f859718a6f1e.jpg,640,480,J,185,160,423,389
J.3353bc9b-d8d1-11ec-b2ed-f859718a6f1e.jpg,640,480,J,150,169,416,413
J.35c84569-d8d1-11ec-a48a-f859718a6f1e.jpg,640,480,J,132,199,396,408
J.3701a477-d8d1-11ec-8652-f859718a6f1e.jpg,640,480,J,142,213,396,410
J.383a3afb-d8d1-11ec-9df6-f859718a6f1e.jpg,640,480,J,126,229,385,428
J.3aac21f9-d8d1-11ec-a502-f859718a6f1e.jpg,640,480,J,161,193,337,354
J.3be13572-d8d1-11ec-8af5-f859718a6f1e.jpg,640,480,J,137,199,318,364
J.3d19d435-d8d1-11ec-ac89-f859718a6f1e.jpg,640,480,J,130,207,325,392
J.3e538d0a-d8d1-11ec-a643-f859718a6f1e.jpg,640,480,J,125,224,347,398
J.3f901e10-d8d1-11ec-92d7-f859718a6f1e.jpg,640,480,J,116,231,346,400
J.40c59004-d8d1-11ec-ab15-f859718a6f1e.jpg,640,480,J,133,224,408,425
J.41fb9687-d8d1-11ec-83f3-f859718a6f1e.jpg,640,480,J,148,209,410,402
J.446ab28b-d8d1-11ec-9f68-f859718a6f1e.jpg,640,480,J,126,218,367,415
J.45a6e592-d8d1-11ec-b85c-f859718a6f1e.jpg,640,480,J,124,238,385,426
J.46e2bb75-d8d1-11ec-a027-f859718a6f1e.jpg,640,480,J,117,256,365,430
J.481b952c-d8d1-11ec-b0d1-f859718a6f1e.jpg,640,480,J,110,256,368,430
K.4e3b32f7-d8d1-11ec-a175-f859718a6f1e.jpg,640,480,K,256,119,386,430
K.4f73e4d7-d8d1-11ec-900f-f859718a6f1e.jpg,640,480,K,247,126,383,429
K.50a978ef-d8d1-11ec-8416-f859718a6f1e.jpg,640,480,K,256,159,405,432
K.51e369c0-d8d1-11ec-8cb2-f859718a6f1e.jpg,640,480,K,262,167,417,442
K.5319cead-d8d1-11ec-9da1-f859718a6f1e.jpg,640,480,K,253,162,427,432
K.56c98753-d8d1-11ec-b5a5-f859718a6f1e.jpg,640,480,K,242,202,442,442
K.59458e95-d8d1-11ec-ab72-f859718a6f1e.jpg,640,480,K,131,80,301,434
K.5a802697-d8d1-11ec-8294-f859718a6f1e.jpg,640,480,K,156,107,324,435
K.5bb8b239-d8d1-11ec-b836-f859718a6f1e.jpg,640,480,K,185,169,330,448
K.5cf4888e-d8d1-11ec-875b-f859718a6f1e.jpg,640,480,K,184,180,330,452
K.5e2ee917-d8d1-11ec-9f06-f859718a6f1e.jpg,640,480,K,215,111,337,371
K.5f68a4da-d8d1-11ec-9b00-f859718a6f1e.jpg,640,480,K,256,30,365,320
K.60a272a2-d8d1-11ec-a9f4-f859718a6f1e.jpg,640,480,K,278,67,393,356
K.61d84421-d8d1-11ec-a28d-f859718a6f1e.jpg,640,480,K,254,72,407,402
K.644bd6d6-d8d1-11ec-9322-f859718a6f1e.jpg,640,480,K,269,105,431,424
K.6586be6b-d8d1-11ec-95ec-f859718a6f1e.jpg,640,480,K,284,72,443,378
K.66c07e94-d8d1-11ec-b123-f859718a6f1e.jpg,640,480,K,310,2,462,307
K.67f95509-d8d1-11ec-882b-f859718a6f1e.jpg,640,480,K,289,5,452,308
K.6932e457-d8d1-11ec-80d4-f859718a6f1e.jpg,640,480,K,291,32,426,349
K.6a6df2f6-d8d1-11ec-984a-f859718a6f1e.jpg,640,480,K,279,39,415,372
K.6ba3cb16-d8d1-11ec-92a9-f859718a6f1e.jpg,640,480,K,318,26,502,360
L.709b3cde-d8d1-11ec-a202-f859718a6f1e.jpg,640,480,L,227,14,453,355
L.71de39d0-d8d1-11ec-bc8a-f859718a6f1e.jpg,640,480,L,234,27,446,411
L.7458c460-d8d1-11ec-aef8-f859718a6f1e.jpg,640,480,L,241,57,456,441
L.75969e89-d8d1-11ec-8e10-f859718a6f1e.jpg,640,480,L,235,33,436,372
L.76d0d1ef-d8d1-11ec-8e39-f859718a6f1e.jpg,640,480,L,261,44,478,434
L.780ac798-d8d1-11ec-b1fb-f859718a6f1e.jpg,640,480,L,269,25,491,434
L.7a88fa77-d8d1-11ec-887c-f859718a6f1e.jpg,640,480,L,245,58,437,408
L.7bc586d8-d8d1-11ec-9537-f859718a6f1e.jpg,640,480,L,253,51,443,411
L.7cfeb062-d8d1-11ec-a823-f859718a6f1e.jpg,640,480,L,226,37,399,395
L.7e36ffcd-d8d1-11ec-8397-f859718a6f1e.jpg,640,480,L,145,3,348,418
L.7f6f490e-d8d1-11ec-aa1e-f859718a6f1e.jpg,640,480,L,159,1,342,411
L.80a98bf0-d8d1-11ec-93a0-f859718a6f1e.jpg,640,480,L,188,1,383,386
L.81e3f925-d8d1-11ec-9b62-f859718a6f1e.jpg,640,480,L,299,94,458,480
L.86cabc12-d8d1-11ec-858f-f859718a6f1e.jpg,640,480,L,283,97,482,480
L.893c707a-d8d1-11ec-bc44-f859718a6f1e.jpg,640,480,L,283,68,496,480
L.8a76a4a7-d8d1-11ec-b78c-f859718a6f1e.jpg,640,480,L,298,70,498,480
L.8bb86b62-d8d1-11ec-bd48-f859718a6f1e.jpg,640,480,L,329,147,464,480
L.8cf23df4-d8d1-11ec-9d95-f859718a6f1e.jpg,640,480,L,204,28,383,449
L.8e2bd18f-d8d1-11ec-bd08-f859718a6f1e.jpg,640,480,L,297,107,461,480
M.9585f4ad-d8d1-11ec-8d95-f859718a6f1e.jpg,640,480,M,113,186,431,464
M.96bdba6d-d8d1-11ec-ac22-f859718a6f1e.jpg,640,480,M,112,124,437,424
M.97f64bf3-d8d1-11ec-8810-f859718a6f1e.jpg,640,480,M,110,190,448,464
M.9930f234-d8d1-11ec-9309-f859718a6f1e.jpg,640,480,M,137,197,448,469
M.9a6b9ccb-d8d1-11ec-acdd-f859718a6f1e.jpg,640,480,M,152,222,461,480
M.9ba5ce7f-d8d1-11ec-b184-f859718a6f1e.jpg,640,480,M,161,243,476,480
M.9ce18618-d8d1-11ec-8b69-f859718a6f1e.jpg,640,480,M,85,270,447,480
M.9e1aaebb-d8d1-11ec-ade5-f859718a6f1e.jpg,640,480,M,77,244,439,480
M.9f55239d-d8d1-11ec-9dfd-f859718a6f1e.jpg,640,480,M,37,132,384,401
M.a08e11b6-d8d1-11ec-a2c1-f859718a6f1e.jpg,640,480,M,64,124,407,383
M.a1c6f1c9-d8d1-11ec-b7a7-f859718a6f1e.jpg,640,480,M,123,175,448,435
M.a301a61f-d8d1-11ec-9c88-f859718a6f1e.jpg,640,480,M,101,146,410,392
M.a43c81b1-d8d1-11ec-a177-f859718a6f1e.jpg,640,480,M,61,168,423,395
M.a5763457-d8d1-11ec-bea2-f859718a6f1e.jpg,640,480,M,59,170,422,402
M.a6af6067-d8d1-11ec-9ec7-f859718a6f1e.jpg,640,480,M,145,154,442,383
M.a7e84d40-d8d1-11ec-a62e-f859718a6f1e.jpg,640,480,M,67,226,376,480
M.a91d45ff-d8d1-11ec-8f7a-f859718a6f1e.jpg,640,480,M,72,264,385,480
M.aa56e964-d8d1-11ec-b7e7-f859718a6f1e.jpg,640,480,M,172,227,473,459
M.ab918160-d8d1-11ec-b559-f859718a6f1e.jpg,640,480,M,153,181,451,422
N.b56f82bd-d8d1-11ec-9eac-f859718a6f1e.jpg,640,480,N,291,293,452,480
N.b6b0496f-d8d1-11ec-b831-f859718a6f1e.jpg,640,480,N,288,306,457,480
N.b7e55c5f-d8d1-11ec-a6e3-f859718a6f1e.jpg,640,480,N,242,199,415,435
N.b9210e2b-d8d1-11ec-91f9-f859718a6f1e.jpg,640,480,N,231,217,406,449
N.ba5a20d9-d8d1-11ec-9668-f859718a6f1e.jpg,640,480,N,257,226,426,453
N.bb922c7f-d8d1-11ec-a211-f859718a6f1e.jpg,640,480,N,269,231,435,461
N.bccae90c-d8d1-11ec-aa52-f859718a6f1e.jpg,640,480,N,285,240,452,470
N.be058215-d8d1-11ec-94e8-f859718a6f1e.jpg,640,480,N,257,272,434,479
N.bf3e2c12-d8d1-11ec-8a16-f859718a6f1e.jpg,640,480,N,287,328,448,480
N.c076951d-d8d1-11ec-baf1-f859718a6f1e.jpg,640,480,N,299,334,466,480
N.c1af029b-d8d1-11ec-8135-f859718a6f1e.jpg,640,480,N,258,176,408,392
N.c2e9c953-d8d1-11ec-b1a2-f859718a6f1e.jpg,640,480,N,256,170,401,400
N.c423b50b-d8d1-11ec-806f-f859718a6f1e.jpg,640,480,N,284,275,457,478
N.c55bb4ac-d8d1-11ec-9dff-f859718a6f1e.jpg,640,480,N,287,302,462,479
N.c69309a7-d8d1-11ec-b0e9-f859718a6f1e.jpg,640,480,N,265,250,426,480
N.c7ce8810-d8d1-11ec-b45c-f859718a6f1e.jpg,640,480,N,273,164,437,405
N.c9082254-d8d1-11ec-aad7-f859718a6f1e.jpg,640,480,N,264,180,471,399
N.ca41ee98-d8d1-11ec-a467-f859718a6f1e.jpg,640,480,N,236,129,445,380
N.cb7990ca-d8d1-11ec-815c-f859718a6f1e.jpg,640,480,N,264,128,450,380
N.ccb40cf9-d8d1-11ec-9728-f859718a6f1e.jpg,640,480,N,261,117,448,391
N.cde91947-d8d1-11ec-8b26-f859718a6f1e.jpg,640,480,N,264,132,450,405
O.d7b3d95d-d8d1-11ec-b5ed-f859718a6f1e.jpg,640,480,O,199,334,369,476
O.d8eea2b4-d8d1-11ec-82ee-f859718a6f1e.jpg,640,480,O,175,308,354,469
O.da261707-d8d1-11ec-ac5f-f859718a6f1e.jpg,640,480,O,132,187,281,340
O.db5e0529-d8d1-11ec-baf7-f859718a6f1e.jpg,640,480,O,141,180,288,327
O.dc9ab72e-d8d1-11ec-ba17-f859718a6f1e.jpg,640,480,O,148,210,268,365
O.ddcfe980-d8d1-11ec-801b-f859718a6f1e.jpg,640,480,O,201,233,320,375
O.df0b41aa-d8d1-11ec-b5a1-f859718a6f1e.jpg,640,480,O,183,172,343,322
O.e043d8dc-d8d1-11ec-9df5-f859718a6f1e.jpg,640,480,O,218,161,380,316
O.e17dc10d-d8d1-11ec-a57b-f859718a6f1e.jpg,640,480,O,214,178,377,325
O.e2ba06ff-d8d1-11ec-95e5-f859718a6f1e.jpg,640,480,O,214,190,385,350
O.e4028873-d8d1-11ec-8433-f859718a6f1e.jpg,640,480,O,245,192,410,361
O.e5408131-d8d1-11ec-bc8b-f859718a6f1e.jpg,640,480,O,187,149,364,320
O.e67b3cad-d8d1-11ec-becf-f859718a6f1e.jpg,640,480,O,190,179,360,340
O.e7b3a02b-d8d1-11ec-a3ab-f859718a6f1e.jpg,640,480,O,211,217,374,372
O.e8ec3716-d8d1-11ec-8859-f859718a6f1e.jpg,640,480,O,197,214,372,371
O.ea274e91-d8d1-11ec-a769-f859718a6f1e.jpg,640,480,O,193,237,308,399
O.ec9baf37-d8d1-11ec-92e5-f859718a6f1e.jpg,640,480,O,85,294,287,480
O.edd3205e-d8d1-11ec-9ec1-f859718a6f1e.jpg,640,480,O,105,299,314,476
O.ef0b97de-d8d1-11ec-91a6-f859718a6f1e.jpg,640,480,O,127,241,329,429
O.f2b99fe1-d8d1-11ec-9358-f859718a6f1e.jpg,640,480,O,139,171,342,372
P.01816d35-d8d2-11ec-b0e2-f859718a6f1e.jpg,640,480,P,204,350,335,480
P.02bd0e60-d8d2-11ec-a804-f859718a6f1e.jpg,640,480,P,193,287,320,461
P.03f62617-d8d2-11ec-99dd-f859718a6f1e.jpg,640,480,P,205,273,332,453
P.0530e066-d8d2-11ec-8fea-f859718a6f1e.jpg,640,480,P,208,315,343,463
P.066adaa1-d8d2-11ec-8464-f859718a6f1e.jpg,640,480,P,158,236,294,416
P.07a51dc4-d8d2-11ec-aa26-f859718a6f1e.jpg,640,480,P,199,269,328,422
P.08dfbec9-d8d2-11ec-8295-f859718a6f1e.jpg,640,480,P,187,278,312,435
P.0a19b0cd-d8d2-11ec-a200-f859718a6f1e.jpg,640,480,P,90,361,229,480
P.0b543594-d8d2-11ec-af4c-f859718a6f1e.jpg,640,480,P,100,306,252,478
P.0c891f5f-d8d2-11ec-9c28-f859718a6f1e.jpg,640,480,P,105,272,253,451
P.0dbe0ade-d8d2-11ec-adf0-f859718a6f1e.jpg,640,480,P,115,238,264,416
P.0ef324bc-d8d2-11ec-ab3d-f859718a6f1e.jpg,640,480,P,130,204,279,374
P.102f74a1-d8d2-11ec-921c-f859718a6f1e.jpg,640,480,P,226,212,369,373
P.1168598b-d8d2-11ec-ad06-f859718a6f1e.jpg,640,480,P,196,227,345,386
P.129eaf01-d8d2-11ec-b092-f859718a6f1e.jpg,640,480,P,214,237,373,390
P.13d90337-d8d2-11ec-9a6b-f859718a6f1e.jpg,640,480,P,226,238,377,386
P.164a6926-d8d2-11ec-b3e6-f859718a6f1e.jpg,640,480,P,198,248,342,426
P.1782b35e-d8d2-11ec-a2d3-f859718a6f1e.jpg,640,480,P,198,255,354,424
R.1c784d3c-d8d2-11ec-8c92-f859718a6f1e.jpg,640,480,R,166,226,304,375
R.1db0af9d-d8d2-11ec-bc27-f859718a6f1e.jpg,640,480,R,170,227,307,397
R.1ee9158a-d8d2-11ec-add9-f859718a6f1e.jpg,640,480,R,168,250,307,396
R.215ce6b9-d8d2-11ec-9952-f859718a6f1e.jpg,640,480,R,145,234,294,384
R.2296fb3d-d8d2-11ec-a241-f859718a6f1e.jpg,640,480,R,161,248,301,386
R.23ce9b04-d8d2-11ec-880a-f859718a6f1e.jpg,640,480,R,142,259,301,418
R.2508d03e-d8d2-11ec-9865-f859718a6f1e.jpg,640,480,R,150,262,287,416
R.263e57c2-d8d2-11ec-bf56-f859718a6f1e.jpg,640,480,R,171,239,322,407
R.28b2a76d-d8d2-11ec-bc75-f859718a6f1e.jpg,640,480,R,171,229,315,378
R.29e7f343-d8d2-11ec-818d-f859718a6f1e.jpg,640,480,R,157,153,296,280
R.2b20519a-d8d2-11ec-b7a1-f859718a6f1e.jpg,640,480,R,215,163,348,299
R.2c559375-d8d2-11ec-8fcf-f859718a6f1e.jpg,640,480,R,224,174,355,314
R.2d925471-d8d2-11ec-b0b6-f859718a6f1e.jpg,640,480,R,230,180,365,329
R.2ed6fb8c-d8d2-11ec-9dc6-f859718a6f1e.jpg,640,480,R,230,197,363,363
R.3011c063-d8d2-11ec-8236-f859718a6f1e.jpg,640,480,R,217,243,349,411
R.3147b781-d8d2-11ec-b1a9-f859718a6f1e.jpg,640,480,R,226,248,361,406
R.327dd091-d8d2-11ec-8244-f859718a6f1e.jpg,640,480,R,217,197,347,349
R.33b313dd-d8d2-11ec-853c-f859718a6f1e.jpg,640,480,R,233,232,368,373
R.34ea545f-d8d2-11ec-ab6f-f859718a6f1e.jpg,640,480,R,239,251,363,391
R.375e75ee-d8d2-11ec-86ad-f859718a6f1e.jpg,640,480,R,239,257,372,399
R.39d1e372-d8d2-11ec-91f1-f859718a6f1e.jpg,640,480,R,245,254,369,397
S.412674aa-d8d2-11ec-b4d6-f859718a6f1e.jpg,640,480,S,188,120,407,444
S.425f7088-d8d2-11ec-b55a-f859718a6f1e.jpg,640,480,S,305,154,518,459
S.44d3dde7-d8d2-11ec-be76-f859718a6f1e.jpg,640,480,S,262,126,455,442
S.460da7d9-d8d2-11ec-9541-f859718a6f1e.jpg,640,480,S,239,80,426,392
S.487ec559-d8d2-11ec-bedd-f859718a6f1e.jpg,640,480,S,237,54,430,380
S.49b835b8-d8d2-11ec-97e5-f859718a6f1e.jpg,640,480,S,204,137,429,458
S.4af207b5-d8d2-11ec-a926-f859718a6f1e.jpg,640,480,S,232,162,448,480
S.4c2d5071-d8d2-11ec-a940-f859718a6f1e.jpg,640,480,S,227,134,441,480
S.4d6781ba-d8d2-11ec-9d7a-f859718a6f1e.jpg,640,480,S,233,169,448,480
S.4ea1eb3e-d8d2-11ec-a54f-f859718a6f1e.jpg,640,480,S,272,167,475,480
S.4fda959f-d8d2-11ec-974a-f859718a6f1e.jpg,640,480,S,260,175,466,480
S.5115eb15-d8d2-11ec-b2f4-f859718a6f1e.jpg,640,480,S,262,178,471,465
S.524b7f11-d8d2-11ec-a3d6-f859718a6f1e.jpg,640,480,S,234,173,461,471
S.54bd2816-d8d2-11ec-86b2-f859718a6f1e.jpg,640,480,S,293,134,474,449
S.59a1b1d2-d8d2-11ec-be88-f859718a6f1e.jpg,640,480,S,197,116,413,448
S.5ad9dca4-d8d2-11ec-b497-f859718a6f1e.jpg,640,480,S,191,127,421,454
S.5c13fb8b-d8d2-11ec-9887-f859718a6f1e.jpg,640,480,S,242,137,464,448
T.64bf6af2-d8d2-11ec-8035-f859718a6f1e.jpg,640,480,T,278,164,410,365
T.65f4ce3e-d8d2-11ec-835c-f859718a6f1e.jpg,640,480,T,277,171,414,365
T.672f9c2e-d8d2-11ec-8baa-f859718a6f1e.jpg,640,480,T,279,137,407,348
T.699fac6d-d8d2-11ec-b4a2-f859718a6f1e.jpg,640,480,T,266,151,392,348
T.6ad7f238-d8d2-11ec-997a-f859718a6f1e.jpg,640,480,T,242,105,415,351
T.6c10bc66-d8d2-11ec-9d41-f859718a6f1e.jpg,640,480,T,272,105,430,340
T.6d45f140-d8d2-11ec-af1d-f859718a6f1e.jpg,640,480,T,277,141,426,346
T.6e7e1339-d8d2-11ec-ac81-f859718a6f1e.jpg,640,480,T,282,142,410,345
T.6fb77541-d8d2-11ec-ba87-f859718a6f1e.jpg,640,480,T,281,158,415,343
T.70fc1540-d8d2-11ec-8f57-f859718a6f1e.jpg,640,480,T,284,146,417,337
T.7370a7c3-d8d2-11ec-b017-f859718a6f1e.jpg,640,480,T,284,135,418,331
T.74a5c88c-d8d2-11ec-89e0-f859718a6f1e.jpg,640,480,T,293,141,412,326
T.75ed578e-d8d2-11ec-a9f0-f859718a6f1e.jpg,640,480,T,305,129,417,324
T.7727c461-d8d2-11ec-81de-f859718a6f1e.jpg,640,480,T,291,121,417,319
T.785fc97d-d8d2-11ec-9361-f859718a6f1e.jpg,640,480,T,315,127,444,321
T.7ad4c011-d8d2-11ec-9d67-f859718a6f1e.jpg,640,480,T,319,135,457,326
T.7c0b0110-d8d2-11ec-a722-f859718a6f1e.jpg,640,480,T,302,137,453,324
T.7d4200c2-d8d2-11ec-98de-f859718a6f1e.jpg,640,480,T,304,130,455,321
T.7e7be990-d8d2-11ec-a0e6-f859718a6f1e.jpg,640,480,T,285,134,441,325
U.8371b67d-d8d2-11ec-95d5-f859718a6f1e.jpg,640,480,U,131,207,299,397
U.84abd7c7-d8d2-11ec-93c1-f859718a6f1e.jpg,640,480,U,142,166,312,356
U.85e20b18-d8d2-11ec-a22e-f859718a6f1e.jpg,640,480,U,111,160,278,339
U.871d17be-d8d2-11ec-8c23-f859718a6f1e.jpg,640,480,U,85,140,259,335
U.898ca549-d8d2-11ec-928b-f859718a6f1e.jpg,640,480,U,77,126,267,318
U.8ac58525-d8d2-11ec-afb9-f859718a6f1e.jpg,640,480,U,83,126,281,319
U.8bfe353b-d8d2-11ec-a96b-f859718a6f1e.jpg,640,480,U,82,124,278,325
U.8d373596-d8d2-11ec-af90-f859718a6f1e.jpg,640,480,U,87,118,284,329
U.8e7252b1-d8d2-11ec-b4f0-f859718a6f1e.jpg,640,480,U,105,133,302,355
U.8fabb9dc-d8d2-11ec-aa78-f859718a6f1e.jpg,640,480,U,156,115,350,337
U.90e47cba-d8d2-11ec-81ae-f859718a6f1e.jpg,640,480,U,148,134,351,371
U.921d1377-d8d2-11ec-b7c0-f859718a6f1e.jpg,640,480,U,131,143,345,370
U.948e35c2-d8d2-11ec-addf-f859718a6f1e.jpg,640,480,U,100,178,315,407
U.95c73407-d8d2-11ec-a3ec-f859718a6f1e.jpg,640,480,U,98,148,321,395
U.9701cd85-d8d2-11ec-8f2e-f859718a6f1e.jpg,640,480,U,154,141,353,371
U.997ee5ce-d8d2-11ec-b93b-f859718a6f1e.jpg,640,480,U,52,165,222,385
U.9ab807b2-d8d2-11ec-ae1a-f859718a6f1e.jpg,640,480,U,39,168,227,380
U.9bf3577e-d8d2-11ec-9551-f859718a6f1e.jpg,640,480,U,69,127,258,334
U.9d2d6339-d8d2-11ec-b575-f859718a6f1e.jpg,640,480,U,142,168,296,355
U.9e67f1c1-d8d2-11ec-ab93-f859718a6f1e.jpg,640,480,U,40,158,240,366
V.a5d61979-d8d2-11ec-8a62-f859718a6f1e.jpg,640,480,V,233,142,396,311
V.a70e2d72-d8d2-11ec-acd4-f859718a6f1e.jpg,640,480,V,244,147,393,324
V.a843e907-d8d2-11ec-88e0-f859718a6f1e.jpg,640,480,V,242,150,397,315
V.a97c4092-d8d2-11ec-a2d9-f859718a6f1e.jpg,640,480,V,232,154,379,326
V.aab3a26b-d8d2-11ec-8417-f859718a6f1e.jpg,640,480,V,263,162,417,319
V.abf045e1-d8d2-11ec-bc19-f859718a6f1e.jpg,640,480,V,308,144,448,294
V.ad2a3376-d8d2-11ec-8ff2-f859718a6f1e.jpg,640,480,V,215,94,393,264
V.ae64dadd-d8d2-11ec-acef-f859718a6f1e.jpg,640,480,V,274,126,403,302
V.af9e727c-d8d2-11ec-ae01-f859718a6f1e.jpg,640,480,V,281,143,404,311
V.b0d42d9d-d8d2-11ec-9786-f859718a6f1e.jpg,640,480,V,283,143,402,324
V.b20afdc7-d8d2-11ec-8b60-f859718a6f1e.jpg,640,480,V,245,140,374,331
V.b343ba8c-d8d2-11ec-b379-f859718a6f1e.jpg,640,480,V,199,126,361,289
V.b47872ef-d8d2-11ec-b0a7-f859718a6f1e.jpg,640,480,V,186,121,331,291
V.b5b3f831-d8d2-11ec-8be6-f859718a6f1e.jpg,640,480,V,173,131,312,315
V.b6eb1a4c-d8d2-11ec-9ea1-f859718a6f1e.jpg,640,480,V,160,127,287,313
V.b823c69c-d8d2-11ec-9736-f859718a6f1e.jpg,640,480,V,147,125,271,300
V.be44f2fb-d8d2-11ec-93a8-f859718a6f1e.jpg,640,480,V,145,144,285,317
Y.c8205848-d8d2-11ec-8d53-f859718a6f1e.jpg,640,480,Y,271,228,393,480
Y.c957b52d-d8d2-11ec-beab-f859718a6f1e.jpg,640,480,Y,263,217,389,479
Y.ca8c2fed-d8d2-11ec-9928-f859718a6f1e.jpg,640,480,Y,261,91,402,356
Y.cbc4340b-d8d2-11ec-86ca-f859718a6f1e.jpg,640,480,Y,280,143,410,383
Y.ccfe49bd-d8d2-11ec-a347-f859718a6f1e.jpg,640,480,Y,288,183,414,393
Y.ce3816e8-d8d2-11ec-98b6-f859718a6f1e.jpg,640,480,Y,277,196,415,411
Y.cf71b6a1-d8d2-11ec-8add-f859718a6f1e.jpg,640,480,Y,284,183,413,421
Y.d0a9db62-d8d2-11ec-ac41-f859718a6f1e.jpg,640,480,Y,266,178,410,399
Y.d1e4c1c9-d8d2-11ec-bec5-f859718a6f1e.jpg,640,480,Y,214,71,370,348
Y.d31f0df3-d8d2-11ec-9b04-f859718a6f1e.jpg,640,480,Y,246,138,404,373
Y.d45898f9-d8d2-11ec-b830-f859718a6f1e.jpg,640,480,Y,257,129,408,379
Y.d5932b6d-d8d2-11ec-b854-f859718a6f1e.jpg,640,480,Y,248,141,411,432
Y.d6cbe962-d8d2-11ec-be1c-f859718a6f1e.jpg,640,480,Y,254,143,397,363
Y.d8093ef0-d8d2-11ec-8aac-f859718a6f1e.jpg,640,480,Y,241,152,391,434
Y.d941929b-d8d2-11ec-8cf5-f859718a6f1e.jpg,640,480,Y,234,153,390,401
Y.da7c6104-d8d2-11ec-b59f-f859718a6f1e.jpg,640,480,Y,191,156,374,405
Y.dbc3d527-d8d2-11ec-afb0-f859718a6f1e.jpg,640,480,Y,168,164,361,416
Y.dcfe4980-d8d2-11ec-b715-f859718a6f1e.jpg,640,480,Y,215,175,378,407
Y.de38e80f-d8d2-11ec-913c-f859718a6f1e.jpg,640,480,Y,137,134,353,404
Y.df73b697-d8d2-11ec-ad8c-f859718a6f1e.jpg,640,480,Y,150,134,350,383
Y.e0ad0db1-d8d2-11ec-a7c4-f859718a6f1e.jpg,640,480,Y,204,157,388,400
Z.0085e797-d8d3-11ec-937a-f859718a6f1e.jpg,640,480,Z,285,57,496,286
Z.01c16de2-d8d3-11ec-8583-f859718a6f1e.jpg,640,480,Z,291,59,508,292
Z.02fa628d-d8d3-11ec-b757-f859718a6f1e.jpg,640,480,Z,302,74,501,301
Z.04331b8e-d8d3-11ec-98cc-f859718a6f1e.jpg,640,480,Z,300,97,479,340
Z.056c591c-d8d3-11ec-bebb-f859718a6f1e.jpg,640,480,Z,251,140,431,368
Z.06a61778-d8d3-11ec-8833-f859718a6f1e.jpg,640,480,Z,273,136,454,357
Z.07db239d-d8d3-11ec-946e-f859718a6f1e.jpg,640,480,Z,233,145,410,375
Z.ea8138ed-d8d2-11ec-8786-f859718a6f1e.jpg,640,480,Z,234,102,445,318
Z.ebbb58f3-d8d2-11ec-8c8d-f859718a6f1e.jpg,640,480,Z,233,107,429,334
Z.ecf1dcce-d8d2-11ec-8ddd-f859718a6f1e.jpg,640,480,Z,161,145,348,394
Z.ee2b46f4-d8d2-11ec-9a8b-f859718a6f1e.jpg,640,480,Z,172,98,361,347
Z.ef64043c-d8d2-11ec-99a6-f859718a6f1e.jpg,640,480,Z,174,139,354,342
Z.f09cb78d-d8d2-11ec-a252-f859718a6f1e.jpg,640,480,Z,186,143,375,370
Z.f1d68782-d8d2-11ec-bc22-f859718a6f1e.jpg,640,480,Z,199,133,372,367
Z.f3104df0-d8d2-11ec-89d5-f859718a6f1e.jpg,640,480,Z,203,146,378,361
Z.f448e650-d8d2-11ec-b7d1-f859718a6f1e.jpg,640,480,Z,186,146,370,367
Z.f5839348-d8d2-11ec-aaa9-f859718a6f1e.jpg,640,480,Z,207,134,404,368
Z.f6c00ee9-d8d2-11ec-bcd6-f859718a6f1e.jpg,640,480,Z,202,129,390,333
Z.f7f7031d-d8d2-11ec-9421-f859718a6f1e.jpg,640,480,Z,215,98,409,306
Z.f92ee897-d8d2-11ec-a3c2-f859718a6f1e.jpg,640,480,Z,231,26,443,259
Z.fa699fb1-d8d2-11ec-b1c0-f859718a6f1e.jpg,640,480,Z,226,13,409,262
